file,book,lesson,date,minutes,size_mb,drive_id
2025-02-22 المشكاة المقدمه.mp4,مشکوٰۃ المصابیح جلد اول,1,2025-02-22,24.2,23.1,1sIpW_mOsXH50yls__3MV-lD_6auVVbKc
2025-02-23 المشكاة المقدمه.mp4,مشکوٰۃ المصابیح جلد اول,2,2025-02-23,33.2,31.7,1cxNWyY9-nlSWU1OG8Aqk7lnxwYHVBbQ_
2025-03-01 المشكاة المقدمه.mp4,مشکوٰۃ المصابیح جلد اول,3,2025-03-01,27.6,26.3,1o2sgL_e_dWqB_85Y0tGFkVgyciwOSEGU
2025-03-02 المشكاة المقدمه.mp4,مشکوٰۃ المصابیح جلد اول,4,2025-03-02,30.4,29.0,16EalS3rxSvBbPVGRuEVGJ1wW-cZ015F6
2025-03-02 المشكاة المقدمه2.mp4,مشکوٰۃ المصابیح جلد اول,5,2025-03-02,3.7,3.5,19bwGBx9CPvVJji_rPfuMENs_wYlDOdgK
2025-03-08 المشكاة المصابيح اكتاب الايمان.mp4,مشکوٰۃ المصابیح جلد اول,6,2025-03-08,52.1,49.7,1bE4qRpUlPwMN16GqjOrqOZzVuQEQ6q4x
2025-03-09 المشكاة المصابيح اكتاب الايمان.mp4,مشکوٰۃ المصابیح جلد اول,7,2025-03-09,54.2,51.7,1qpYwGPxcYQw3HEBiwLb1mh4gCG4gNrPL
2025-03-15 المشكاة المصابيح اكتاب الايمان.mp4,مشکوٰۃ المصابیح جلد اول,8,2025-03-15,39.0,37.2,1ygcVwleuJFacIw4vNOg6c8sztddTr0xF
2025-03-16 المشكاة المصابيح اكتاب الايمان.mp4,مشکوٰۃ المصابیح جلد اول,9,2025-03-16,43.5,41.6,1gna9FGjRXyTsepleHkx2PMPwEv329ctU
2025-04-05 المشكاة المصابيح اكتاب الايمان.mp4,مشکوٰۃ المصابیح جلد اول,10,2025-04-05,53.9,51.4,19hNf_cnbrF-dW-8EOWtJYeb-6Ea3Vga6
2025-04-06 المشكاة المصابيح اكتاب الايمان.mp4,مشکوٰۃ المصابیح جلد اول,11,2025-04-06,52.1,49.7,1sEBMIHtYHfW7zmEbSEJMVRC2QmK676t4
2025-04-12 المشكاة المصابيح اكتاب الايمان.mp4,مشکوٰۃ المصابیح جلد اول,12,2025-04-12,53.5,51.1,18Y3R0PISeXQnmZ3nszAJDUQj9ztkUDX5
2025-04-13 المشكاة المصابيح اكتاب الايمان.mp4,مشکوٰۃ المصابیح جلد اول,13,2025-04-13,61.5,58.7,1uelvhAwiMlq2XBO5TU1BY4eyQLQuzqml
2025-04-19 المشكاة المصابيح اكتاب الايمان.mp4,مشکوٰۃ المصابیح جلد اول,14,2025-04-19,58.1,55.4,12OCUVfeyLobSU_Qxnqgyh6nrev9vI7Fa
2025-04-20 المشكاة المصابيح اكتاب الايمان.mp4,مشکوٰۃ المصابیح جلد اول,15,2025-04-20,48.7,46.5,17L7LEGHXwUdw8qj0Xim8OS0ptc8jrW_h
2025-04-26 المشكاة المصابيح اكتاب الايمان.mp4,مشکوٰۃ المصابیح جلد اول,16,2025-04-26,56.2,53.6,1sfG_IkOZudrVbQ82-qEH2a2HgwRHCwC5
2025-05-03 المشكاة المصابيح اكتاب الايمان 2.mp4,مشکوٰۃ المصابیح جلد اول,17,2025-05-03,33.5,32.0,1nekVA1tnXAyxEaS7-xjG3lRjM5iakDRe
2025-05-03 المشكاة المصابيح اكتاب الايمان.mp4,مشکوٰۃ المصابیح جلد اول,18,2025-05-03,61.1,58.3,14FQaTiyRfR-eCc2QAPrFoJmcrwFBUtlI
2025-05-03 المشكاة المصابيح اكتاب العلم.mp4,مشکوٰۃ المصابیح جلد اول,19,2025-05-03,30.7,29.3,1ADQ_MR5JW48Z3ihNmyuVemksxB0ua3DD
2025-05-04 المشكاة المصابيح اكتاب العلم 2.mp4,مشکوٰۃ المصابیح جلد اول,20,2025-05-04,46.9,44.8,10XRLoDLKMO7PxriCiw3sm4t-fJ5Iwiht
2025-05-04 المشكاة المصابيح اكتاب العلم.mp4,مشکوٰۃ المصابیح جلد اول,21,2025-05-04,53.7,51.2,15bUn-HdMOKW4ocf0bR3oJE_3OFfwy5Qf
2025-05-10 المشكاة المصابيح اكتاب الطهارة 2.mp4,مشکوٰۃ المصابیح جلد اول,22,2025-05-10,31.7,30.3,1FOH8yOeXS7I8ji47CKzRdw8yfBbrvU6M
2025-05-10 المشكاة المصابيح اكتاب الطهارة.mp4,مشکوٰۃ المصابیح جلد اول,23,2025-05-10,153.5,146.5,1Ye3s8E8rciCqCUmXmpZ_SrhPQ3zc6g9p
2025-05-11 المشكاة المصابيح اكتاب الطهارة.mp4,مشکوٰۃ المصابیح جلد اول,24,2025-05-11,63.1,60.2,1SUvG2LUYzCwusEexYVJoG5arllIh2DzZ
2025-05-17 المشكاة المصابيح اكتاب الطهارة 2.mp4,مشکوٰۃ المصابیح جلد اول,25,2025-05-17,32.2,30.7,1pGYAxM2fLjfooN-DYq5EF_kZXSRawWFx
2025-05-17 المشكاة المصابيح اكتاب الطهارة.mp4,مشکوٰۃ المصابیح جلد اول,26,2025-05-17,101.7,97.2,1ek-vXljiK9uKO3NACwRqTNNDdbU_CA4-
2025-05-18 المشكاة المصابيح اكتاب الطهارة 2.mp4,مشکوٰۃ المصابیح جلد اول,27,2025-05-18,36.6,34.9,12cba2TBsfwOU4lXEAVzbPQwseHq5YwYp
2025-05-18 المشكاة المصابيح اكتاب الطهارة.mp4,مشکوٰۃ المصابیح جلد اول,28,2025-05-18,36.4,34.8,1dJu_vbyYuvm4lTgALwSjjBotLcVHbvXu
2025-05-24 المشكاة المصابيح اكتاب الصلاة.mp4,مشکوٰۃ المصابیح جلد اول,29,2025-05-24,63.4,60.6,1vJxoh_HBR_NendrO2KnGBSz2zZcCVRBB
2025-05-24 المشكاة المصابيح اكتاب الطهارة 2.mp4,مشکوٰۃ المصابیح جلد اول,30,2025-05-24,63.4,60.6,15bWTL7gYY7PffIqQWH6tvD2EgAqc5TgV
2025-05-24 المشكاة المصابيح اكتاب الطهارة.mp4,مشکوٰۃ المصابیح جلد اول,31,2025-05-24,25.1,23.9,1L5HcS5WcSrVOimPo6tjLZoHY6CdrJVqL
2025-05-25 المشكاة المصابيح اكتاب الصلاة.mp4,مشکوٰۃ المصابیح جلد اول,32,2025-05-25,66.6,63.6,1uRAVav5mGMxBl-wkVXJq_pagSVFiQZdG
2025-05-31 المشكاة المصابيح اكتاب الصلاة 2.mp4,مشکوٰۃ المصابیح جلد اول,33,2025-05-31,15.2,14.5,1Wu3khtTck__fz6399HXSSlmNk5V7vPFg
2025-05-31 المشكاة المصابيح اكتاب الصلاة 2.ogg,مشکوٰۃ المصابیح جلد اول,34,2025-05-31,21.9,2.7,1em4T39ydShaqletcOMYngqImkRY7i4Fj
2025-05-31 المشكاة المصابيح اكتاب الصلاة.mp4,مشکوٰۃ المصابیح جلد اول,35,2025-05-31,82.2,78.5,1t7uDKHSeXWxjtIlrjtgl0DaJq6gxQ0TM
2025-06-01 المشكاة المصابيح اكتاب الصلاة 2.mp4,مشکوٰۃ المصابیح جلد اول,36,2025-06-01,27.6,26.4,1L6XsJV_g0bzAKw1Lwy2PQdgTAYxzfQkI
2025-06-01 المشكاة المصابيح اكتاب الصلاة 3.mp4,مشکوٰۃ المصابیح جلد اول,37,2025-06-01,19.8,18.9,1CqmkYxsZ9HX41LQUD14AaXdANdjfkORJ
2025-06-01 المشكاة المصابيح اكتاب الصلاة 4.mp4,مشکوٰۃ المصابیح جلد اول,38,2025-06-01,16.4,15.7,1ptdnVKv1NimQVsOrhFufIA22FL1RObN-
2025-06-01 المشكاة المصابيح اكتاب الصلاة.mp4,مشکوٰۃ المصابیح جلد اول,39,2025-06-01,20.7,19.7,1lKAj5i2kGdJOwFAczE9uLW3FSiLBsgpu
2025-06-14 المشكاة المصابيح اكتاب الصلاة 2.mp4,مشکوٰۃ المصابیح جلد اول,40,2025-06-14,59.7,57.0,1vexTtVpHvPgpx_ZnWmml00kFY4vdyjFd
2025-06-14 المشكاة المصابيح اكتاب الصلاة.mp4,مشکوٰۃ المصابیح جلد اول,41,2025-06-14,46.1,44.0,1w0T5kWhI2CvqX3KstCP2GeNC2NyYeWLG
2025-06-15 المشكاة المصابيح اكتاب الصلاة 2.mp4,مشکوٰۃ المصابیح جلد اول,42,2025-06-15,23.0,22.0,1k4EaznBzp8iyIRpNFmefW20yZwKjOEnR
2025-06-15 المشكاة المصابيح اكتاب الصلاة 3.mp4,مشکوٰۃ المصابیح جلد اول,43,2025-06-15,15.8,15.1,1Xjpl3fjNjXyyX8z9baUZG4_tV1W-0x5j
2025-06-15 المشكاة المصابيح اكتاب الصلاة 4.mp4,مشکوٰۃ المصابیح جلد اول,44,2025-06-15,26.1,24.9,1E7Pq2Gi7pkhs18R32c2r9ml4SCzN6-3H
2025-06-15 المشكاة المصابيح اكتاب الصلاة.mp4,مشکوٰۃ المصابیح جلد اول,45,2025-06-15,23.9,22.8,1nRhqD8_UEluExb7HDUkM2hFhUpH9iviX
2025-06-21 المشكاة المصابيح اكتاب الصلاة 2.mp4,مشکوٰۃ المصابیح جلد اول,46,2025-06-21,26.2,3.2,1MorBlahz1uOB9w2Eoe0_0--JVlr3wt9M
2025-06-21 المشكاة المصابيح اكتاب الصلاة 3.mp4,مشکوٰۃ المصابیح جلد اول,47,2025-06-21,22.7,2.8,1MrWZqAWoc9ub6AV_yQGFMXcBYMUnJjNf
2025-06-21 المشكاة المصابيح اكتاب الصلاة.mp4,مشکوٰۃ المصابیح جلد اول,48,2025-06-21,18.3,2.3,1MTWgIqbMXqf9aAg-RK6AjtcBVmWhKotO
2025-06-22 المشكاة المصابيح اكتاب الصلاة .mp4,مشکوٰۃ المصابیح جلد اول,50,2025-06-22,50.5,48.2,1hJh6_7Wdvm4LPepRkzk_cvXyjFpBOTuJ
2025-06-22 المشكاة المصابيح اكتاب الصلاة .ogg,مشکوٰۃ المصابیح جلد اول,51,2025-06-22,19.1,2.3,1Jrp-i1Q1s5eEFfyuANUm3Dq9SEEPon9S
2025-06-22 المشكاة المصابيح اكتاب الصلاة 2.ogg,مشکوٰۃ المصابیح جلد اول,49,2025-06-22,25.3,3.0,1V6cZdvEYaqRqx_nRZmc7t_AG4DCLjP1Y
2025-06-27 المشكاة المصابيح اكتاب الصلاة .mp4,مشکوٰۃ المصابیح جلد اول,52,2025-06-27,98.4,93.9,1a4LrG8gjSgU-bMQ5RUWX4mIYNXHtaoIA
2025-06-28 المشكاة المصابيح اكتاب الصلاة .mp4,مشکوٰۃ المصابیح جلد اول,53,2025-06-28,65.1,62.1,1b2h-x42ZmFjHxDiuFE6ts_VXQ8Lt3KSD
2025-07-05 المشكاة المصابيح اكتاب الصلاة .mp4,مشکوٰۃ المصابیح جلد اول,54,2025-07-05,75.2,71.8,17aMX19Jp7gdbmq3HNFp5aRCcm7HW_fHo
2025-07-06 المشكاة المصابيح اكتاب الصلاة .mp4,مشکوٰۃ المصابیح جلد اول,55,2025-07-06,29.9,28.5,1AWp1vmiPw8_O8LLi4AAqKOnwqrcIzxY-
2025-07-06 المشكاة المصابيح اكتاب الصلاة 2 .mp4,مشکوٰۃ المصابیح جلد اول,56,2025-07-06,33.0,31.5,1fEoDQV4GKDCjROxuagIZH3dgTEYdHHmw
2025-07-06 المشكاة المصابيح اكتاب الصلاة 3 .mp4,مشکوٰۃ المصابیح جلد اول,57,2025-07-06,42.2,40.3,1xw6l_APcnSm0pwiSftP_kiZBMDvSoYQH
2025-07-12 المشكاة المصابيح اكتاب الصلاة 2.mp4,مشکوٰۃ المصابیح جلد اول,58,2025-07-12,50.7,48.4,1vj--VAGgfPL0gumY_cy9M4gOGbspWObu
2025-07-12 المشكاة المصابيح اكتاب الصلاة.mp4,مشکوٰۃ المصابیح جلد اول,59,2025-07-12,47.4,45.2,1OBge7ppd3ZgpDvrVxekRcRVHnf6tFyoU
2025-07-13 المشكاة المصابيح اكتاب الصلاة 2.mp4,مشکوٰۃ المصابیح جلد اول,60,2025-07-13,22.6,21.5,1HNK9oZPczrB3RJMwllCSvLJ_H4KyEV-g
2025-07-13 المشكاة المصابيح اكتاب الصلاة.mp4,مشکوٰۃ المصابیح جلد اول,61,2025-07-13,44.1,42.1,1IZ3GZ30dkMN-kpmLqM_tCGVwPzdTbxjv
2025-07-19 المشكاة المصابيح اكتاب الجنائز.mp4,مشکوٰۃ المصابیح جلد اول,62,2025-07-19,16.2,15.4,1sjx0Kz2QGz1qL7X1fBp14hogQG2mS3Em
2025-07-19 المشكاة المصابيح اكتاب الصلاة 2.mp4,مشکوٰۃ المصابیح جلد اول,63,2025-07-19,7.5,7.1,1ZFxUrZcdvD4VYF5Km_iNvPqB_TWTI3di
2025-07-19 المشكاة المصابيح اكتاب الصلاة.mp4,مشکوٰۃ المصابیح جلد اول,64,2025-07-19,64.2,61.3,1o-kl2pVgsntS0Iax62nOwJYrvRmCkLD_
2025-07-20 المشكاة المصابيح اكتاب الجنائز.mp4,مشکوٰۃ المصابیح جلد اول,65,2025-07-20,65.4,62.5,17mUPWPR0GZgzVSDLynmxea42SD9aVJJF
2025-07-26 المشكاة المصابيح اكتاب الجنائز 2.mp4,مشکوٰۃ المصابیح جلد اول,66,2025-07-26,13.9,13.3,1lTl-7FO8MsO6mZdBkyuagn4JgjLF6dXC
2025-07-26 المشكاة المصابيح اكتاب الجنائز.mp4,مشکوٰۃ المصابیح جلد اول,67,2025-07-26,68.3,65.2,1r8TlkkADIDfm_K0tshiFSzgir4g30Mpg
2025-07-27 المشكاة المصابيح اكتاب الجنائز.mp4,مشکوٰۃ المصابیح جلد اول,68,2025-07-27,57.0,54.4,1_tJQHWmhqKQ4HwVmJ8xR7QRY4VJcFSFl
2025-08-02 المشكاة المصابيح اكتاب الجنائز 2.mp4,مشکوٰۃ المصابیح جلد اول,69,2025-08-02,62.0,59.2,1e7vd66KP3aoYTDAfzbomFuDbSPpR_i50
2025-08-02 المشكاة المصابيح اكتاب الجنائز 3.mp4,مشکوٰۃ المصابیح جلد اول,70,2025-08-02,15.5,14.8,1KG-OWOgqbN8zmHc5RkJDs1l4Di2Sp6J-
2025-08-02 المشكاة المصابيح اكتاب الجنائز.mp4,مشکوٰۃ المصابیح جلد اول,71,2025-08-02,24.4,23.3,1LzdcFMcekrnrZOtRp9zXG9pAirK7UIPj
2025-08-03 المشكاة المصابيح اكتاب الزكاة 2.mp4,مشکوٰۃ المصابیح جلد اول,72,2025-08-03,78.5,75.0,1AbCE2fYPSwwyXudpgELQHdlmiTaPv5q2
2025-08-03 المشكاة المصابيح اكتاب الزكاة.mp4,مشکوٰۃ المصابیح جلد اول,73,2025-08-03,37.0,35.4,1HBuOANi_pnZtsZrIX_C4cZrVu047e_A4
2025-08-09 المشكاة المصابيح اكتاب الزكاة.mp4,مشکوٰۃ المصابیح جلد اول,74,2025-08-09,68.3,65.2,1DLEFrmGxdukhISwztfU_iqqfA6LJVVTP
2025-08-10 المشكاة المصابيح اكتاب الزكاة 2.mp4,مشکوٰۃ المصابیح جلد اول,75,2025-08-10,47.0,44.9,1smtUTkHP338iJtBtv5S08YmB90LPlz7h
2025-08-10 المشكاة المصابيح اكتاب الزكاة.mp4,مشکوٰۃ المصابیح جلد اول,76,2025-08-10,35.0,33.4,18wjzwOwvlj7uCbZHzWhIH2KLRLdzhLFz
2025-08-17 المشكاة المصابيح اكتاب الصوم 2.mp4,مشکوٰۃ المصابیح جلد اول,77,2025-08-17,34.7,33.1,1Fqji_jCWk0Vy9VW7-KSa-3wqyFNIx5f4
2025-08-17 المشكاة المصابيح اكتاب الصوم.mp4,مشکوٰۃ المصابیح جلد اول,78,2025-08-17,40.2,38.4,10aUhLjZwtQ3BYEaJebgR3jlX1sG3lYmR
2025-08-23 المشكاة المصابيح اكتاب الصوم 2.mp4,مشکوٰۃ المصابیح جلد اول,79,2025-08-23,13.5,12.9,1IePcJEtXJui7TyR4_HGOyARdUgAcqMtk
2025-08-23 المشكاة المصابيح اكتاب الصوم.mp4,مشکوٰۃ المصابیح جلد اول,80,2025-08-23,43.1,41.1,16ZgAOfsn8wgmRDdlYUQXB53a7nh50JkJ
2025-08-24 المشكاة المصابيح اكتاب الصوم.mp4,مشکوٰۃ المصابیح جلد اول,81,2025-08-24,35.4,33.8,1ZX5GTwyij3U3D1eQYKq936xMswwFgcYF
2025-08-24 المشكاة المصابيح اكتاب فضائل القرآن.mp4,مشکوٰۃ المصابیح جلد اول,82,2025-08-24,40.0,38.2,1nlkPlE0ha5BhYrY2Koo7bW60dgGOR9kX
2025-08-30 المشكاة المصابيح اكتاب فضائل القرآن.mp4,مشکوٰۃ المصابیح جلد اول,83,2025-08-30,69.5,66.4,16wyOuyFPq9Fwxx38dSBE_B8HBMHWRRc-
2025-08-31 المشكاة المصابيح اكتاب فضائل القرآن 2.mp4,مشکوٰۃ المصابیح جلد اول,84,2025-08-31,6.7,6.4,1MUsYihdArRBmeh-8hhh3JJhm8YG3CXhc
2025-08-31 المشكاة المصابيح اكتاب فضائل القرآن 3.mp4,مشکوٰۃ المصابیح جلد اول,85,2025-08-31,23.1,22.1,1c8jWQ1ZVX-i6rdkFQlBRKhgmr93hC809
2025-08-31 المشكاة المصابيح اكتاب فضائل القرآن.mp4,مشکوٰۃ المصابیح جلد اول,86,2025-08-31,25.4,24.2,1fmCwAin4vjQdiOHA1MVtj70qTbJnbnV7
2025-09-05 المشكاة المصابيح اكتاب الدعوات.mp4,مشکوٰۃ المصابیح جلد اول,87,2025-09-05,57.0,54.4,1aSHfFnL5yqiGFcPfZf6wwhqOHOjgusMU
2025-09-06 المشكاة المصابيح اكتاب الدعوات 2.mp4,مشکوٰۃ المصابیح جلد اول,88,2025-09-06,46.8,44.7,1qH2H58c1QEX9s3Amwe5fdQxZwdBWct-s
2025-09-06 المشكاة المصابيح اكتاب الدعوات.mp4,مشکوٰۃ المصابیح جلد اول,89,2025-09-06,13.6,13.0,1ScRLHRXDppWDcAgcUvZD_Zc47sco05U-
2025-09-13 المشكاة المصابيح اكتاب الدعوات.mp4,مشکوٰۃ المصابیح جلد اول,90,2025-09-13,45.3,43.2,18Tqg0QfOhMhSRfUZdCzoAHafQXQtlljC
2025-09-14 المشكاة المصابيح اكتاب الدعوات.mp4,مشکوٰۃ المصابیح جلد اول,91,2025-09-14,77.1,73.6,1vHCT5oBf1F_TRAF0XQ-PXuQby0tf-cJS
2025-09-20 المشكاة المصابيح اكتاب الدعوات.mp4,مشکوٰۃ المصابیح جلد اول,92,2025-09-20,60.1,57.4,1jYSCBVOfNpxnIpI0nQo97B-LC-UKIzmC
2025-09-21 المشكاة المصابيح اكتاب الدعوات 2.mp4,مشکوٰۃ المصابیح جلد اول,93,2025-09-21,19.4,18.5,1yBPGU2nnbLbQokoeZRmmaGm_mbwh7ppk
2025-09-21 المشكاة المصابيح اكتاب الدعوات.mp4,مشکوٰۃ المصابیح جلد اول,94,2025-09-21,38.0,36.3,1dW4LKPn9Wa41KNoyEKHcqB1XcwEs78zy
2025-09-27 المشكاة المصابيح اكتاب المناسك.mp4,مشکوٰۃ المصابیح جلد اول,95,2025-09-27,44.2,42.2,1-Ye7CxvbKoprHVv_n7T_xrVm9oMZ4P-N
2025-09-28 المشكاة المصابيح اكتاب المناسك.mp4,مشکوٰۃ المصابیح جلد اول,96,2025-09-28,29.3,28.0,1P8H9lZiq03FmmV8q7cRHs4IsbZrAVyjT
2025-10-04 المشكاة المصابيح اكتاب المناسك.mp4,مشکوٰۃ المصابیح جلد اول,97,2025-10-04,30.2,28.8,1Lgdvib8P2KvRa-UWkpbKo8Sm3leJ2yB5
2025-10-05 المشكاة المصابيح اكتاب المناسك.mp4,مشکوٰۃ المصابیح جلد اول,98,2025-10-05,30.4,29.0,135O43pAe1ozZHegFdHsuI7dmLj7akd3n
2025-10-11 المشكاة المصابيح اكتاب المناسك.mp4,مشکوٰۃ المصابیح جلد اول,99,2025-10-11,25.9,24.7,1XR8b4SeEvtOE-FCUXxEe0j7RO60hVniT
2025-10-12 المشكاة المصابيح اكتاب المناسك.mp4,مشکوٰۃ المصابیح جلد اول,100,2025-10-12,41.5,39.6,1D2McMhI4LOD1AO-SVf0C1D26egJ8MuSG
2025-10-18 المشكاة المصابيح اكتاب المناسك.mp4,مشکوٰۃ المصابیح جلد اول,101,2025-10-18,67.8,64.7,1_EjspQznvc1DqZgPPhceClbvsBYZumkc
2025-10-19 المشكاة المصابيح اكتاب البيوع 2.mp4,مشکوٰۃ المصابیح جلد اول,102,2025-10-19,18.4,17.6,11lPciU_wOFq2xSpJIfwTgV1e33b8-aj1
2025-10-19 المشكاة المصابيح اكتاب البيوع.mp4,مشکوٰۃ المصابیح جلد اول,103,2025-10-19,44.4,42.4,19vshkLXrqC0Y4zY-I1u6vlYJJ5Ao8-pO
2025-10-19 المشكاة المصابيح اكتاب المناسك.mp4,مشکوٰۃ المصابیح جلد اول,104,2025-10-19,32.4,31.0,1Xbm3fWGekb55c56gqrDj-pBQEwZoWbnv
2025-10-26 المشكاة المصابيح اكتاب البيوع 2.mp4,مشکوٰۃ المصابیح جلد اول,105,2025-10-26,76.6,73.2,18rLLxUZSJh6nw3E49pUoTF5wUGSLRMWg
2025-10-26 المشكاة المصابيح اكتاب البيوع.mp4,مشکوٰۃ المصابیح جلد اول,106,2025-10-26,33.8,32.2,1UDcDHGVU4JSUtIUuxQoUtLAoqsZSAa5M
2025-11-01 المشكاة المصابيح اكتاب البيوع.mp4,مشکوٰۃ المصابیح جلد اول,107,2025-11-01,75.5,72.1,1VnQYyPndA3KlXEhuHQzALK4xV-ppkEWP
2025-11-02 المشكاة المصابيح اكتاب البيوع 2.mp4,مشکوٰۃ المصابیح جلد اول,108,2025-11-02,68.1,65.0,1EAzq_DQA3-UU1EeF4QDJ76Em4OcLzCxC
2025-11-02 المشكاة المصابيح اكتاب البيوع.mp4,مشکوٰۃ المصابیح جلد اول,109,2025-11-02,23.7,22.6,1nts3uBvfaLWRY4l23iayNdS8oIJdvGjf
2025-02-22 المشكاة المصابيح اكتاب النكاح.mp4,مشکوٰۃ المصابیح جلد دوم,1,2025-02-22,55.2,52.7,1DDPjobz7ZSikm8GQ4x2m2wnXnY-ew3_P
2025-02-23 المشكاة المصابيح اكتاب النكاح.mp4,مشکوٰۃ المصابیح جلد دوم,2,2025-02-23,59.6,56.9,1Go5PCT-mZwlInKV3tBN-_x4r6wA18-Yq
2025-03-01 المشكاة المصابيح اكتاب النكاح.mp4,مشکوٰۃ المصابیح جلد دوم,3,2025-03-01,43.6,41.7,1RZX0ljD6nynxBKRERSCEf0XMifM8M54y
2025-03-02 المشكاة المصابيح اكتاب النكاح.mp4,مشکوٰۃ المصابیح جلد دوم,4,2025-03-02,61.4,58.6,1ykfS8YoEroaW9sSmbmpbQGzdTiy2ZIwy
2025-03-08 المشكاة المصابيح اكتاب النكاح.mp4,مشکوٰۃ المصابیح جلد دوم,5,2025-03-08,40.7,38.9,1gN-Lw9n3vvH4Z0CK5K_Q0XmMiF4PLKVg
2025-03-09 المشكاة المصابيح اكتاب النكاح.mp4,مشکوٰۃ المصابیح جلد دوم,6,2025-03-09,56.8,54.3,19xjPCpDICemQ0KBopQ_Tg3RXsjnTQXip
2025-03-15 المشكاة المصابيح اكتاب النكاح.mp4,مشکوٰۃ المصابیح جلد دوم,7,2025-03-15,60.6,57.9,1qf6hYbpYhAPfSZe7LOIVwsiKxXe8tr4-
2025-03-16 المشكاة المصابيح اكتاب النكاح.mp4,مشکوٰۃ المصابیح جلد دوم,8,2025-03-16,53.0,50.6,1SIYtDK18Px64aziaLFgWUy2I6XV-58jh
2025-04-05 المشكاة المصابيح اكتاب النكاح.mp4,مشکوٰۃ المصابیح جلد دوم,9,2025-04-05,48.7,46.5,14W8DYvZu0NKKG5HJ3nTB935QhydLjj0t
2025-04-06 المشكاة المصابيح اكتاب النكاح.mp4,مشکوٰۃ المصابیح جلد دوم,10,2025-04-06,62.4,59.6,1PZhQFV_8GjbI1ljwJkKwGnddN001xSpr
2025-04-12 المشكاة المصابيح اكتاب النكاح.mp4,مشکوٰۃ المصابیح جلد دوم,11,2025-04-12,55.6,53.1,1AKlPxQiLAbribQQ-2TBZF7Z7UgrrgR04
2025-04-13 المشكاة المصابيح اكتاب النكاح.mp4,مشکوٰۃ المصابیح جلد دوم,12,2025-04-13,60.9,58.1,1RNAox9qXmv7tEXI65EF-95oBl6vBCEOw
2025-04-19 المشكاة المصابيح اكتاب النكاح.mp4,مشکوٰۃ المصابیح جلد دوم,13,2025-04-19,63.5,60.6,1TJVF50O-_Wdy5Y9CGNE26sg7T8NcpUGF
2025-04-20 المشكاة المصابيح اكتاب النكاح.mp4,مشکوٰۃ المصابیح جلد دوم,14,2025-04-20,69.5,66.3,1MuU-63vbEn4EO9K7ev4P8rfu0Q6wBnI4
2025-04-26 المشكاة المصابيح اكتاب النكاح.mp4,مشکوٰۃ المصابیح جلد دوم,15,2025-04-26,62.6,59.8,1DVGYild8QlUSsLjvywuyTJHzCSy1pnb1
2025-04-27 المشكاة المصابيح اكتاب الايمان 2.mp4,مشکوٰۃ المصابیح جلد دوم,16,2025-04-27,53.5,51.1,1CwaXD6KF7KMPcyejw6JZsLtqUJLdmnbv
2025-04-27 المشكاة المصابيح اكتاب النكاح.mp4,مشکوٰۃ المصابیح جلد دوم,17,2025-04-27,59.4,56.7,1E0FDMCPcfpIFe6YWeHT7BzUhQtlTggW6
2025-05-03 المشكاة المصابيح اكتاب النكاح.mp4,مشکوٰۃ المصابیح جلد دوم,18,2025-05-03,60.7,57.9,12BSkPA7eZuuanEcSuqZiG-JcBqqaBruy
2025-05-04 المشكاة المصابيح اكتاب النكاح.mp4,مشکوٰۃ المصابیح جلد دوم,19,2025-05-04,50.9,48.6,1eY_KJCcyU4y30eP8MqlqojnvcF1bjDYj
2025-05-10 المشكاة المصابيح اكتاب النكاح.mp4,مشکوٰۃ المصابیح جلد دوم,20,2025-05-10,59.0,56.4,1SVbyxNJBIhkTDoxlX3DnqydCzGCm-c4p
2025-05-11 المشكاة المصابيح اكتاب النكاح.mp4,مشکوٰۃ المصابیح جلد دوم,21,2025-05-11,53.7,51.3,1S--ppJJNqrgnT2MjG185MyZqIAc6o-0u
2025-05-17 المشكاة المصابيح اكتاب العتق.mp4,مشکوٰۃ المصابیح جلد دوم,22,2025-05-17,29.4,28.1,1M3Y9wc3SyqKpkY9lhrQCgGI3MZx01Ejn
2025-05-17 المشكاة المصابيح اكتاب النكاح.mp4,مشکوٰۃ المصابیح جلد دوم,23,2025-05-17,28.0,26.7,1CLwIES_lafUjZbzrVHxFpSMfR4GZTfOM
2025-05-24 المشكاة المصابيح اكتاب العتق.mp4,مشکوٰۃ المصابیح جلد دوم,24,2025-05-24,76.2,72.7,1abhkwgmLFQMM9FZreubNIS26-FZ9nidX
2025-05-25 المشكاة المصابيح اكتاب العتق.mp4,مشکوٰۃ المصابیح جلد دوم,25,2025-05-25,102.4,97.8,1jbeeyThCe8hoe9RqR9scsMKbdg0oJSUk
2025-05-31 المشكاة المصابيح اكتاب القصاص 2.mp4,مشکوٰۃ المصابیح جلد دوم,26,2025-05-31,8.6,8.2,1DpFxdSNe82Cnwfu_xfLtMOxGDKsEzOSo
2025-05-31 المشكاة المصابيح اكتاب القصاص.mp4,مشکوٰۃ المصابیح جلد دوم,27,2025-05-31,46.0,43.9,1f6CeYD6QULy9LN-3Ne43to87Rk_dwv_p
2025-06-01 المشكاة المصابيح اكتاب القصاص.mp4,مشکوٰۃ المصابیح جلد دوم,28,2025-06-01,73.2,69.9,1o-qgY_k6YfJ3zwQFTFQoxvvTB0F-tnH9
2025-06-14 المشكاة المصابيح اكتاب القصاص.mp4,مشکوٰۃ المصابیح جلد دوم,29,2025-06-14,61.9,59.1,1xqRfQdX3ea5utJ5kEhkHo--iYrkFolqc
2025-06-15 المشكاة المصابيح اكتاب القصاص.mp4,مشکوٰۃ المصابیح جلد دوم,30,2025-06-15,52.1,49.7,1NOCWp1nA1Z1vH1gRdxga_Bshw3Looo6x
2025-06-21 المشكاة المصابيح اكتاب الحدود.mp4,مشکوٰۃ المصابیح جلد دوم,31,2025-06-21,60.8,58.0,1i9Kdq33vMuKa4PohRb_lsSJkBS2w02en
2025-06-22 المشكاة المصابيح اكتاب الحدود.mp4,مشکوٰۃ المصابیح جلد دوم,32,2025-06-22,56.2,53.6,1IxarPK7vbY9UfpCREKxB2fpLJdySTt4N
2025-06-27 المشكاة المصابيح اكتاب الاماررة والقضاء.mp4,مشکوٰۃ المصابیح جلد دوم,33,2025-06-27,26.1,24.9,1373_nV4pS00oV_RKOYgzo3p8lJSkvg5H
2025-06-27 المشكاة المصابيح اكتاب الحدود.mp4,مشکوٰۃ المصابیح جلد دوم,34,2025-06-27,32.3,30.8,1HoAXhN_GyoWx8cghuHhG7Wav1tuLLERi
2025-06-28 المشكاة المصابيح اكتاب الاماررة والقضاء.mp4,مشکوٰۃ المصابیح جلد دوم,35,2025-06-28,54.1,51.7,1dLRbYSFc4TDjX4FHlgkJ9iMqkv1sF3jO
2025-07-05 المشكاة المصابيح اكتاب الاماررة والقضاء.mp4,مشکوٰۃ المصابیح جلد دوم,36,2025-07-05,54.5,52.0,1muCcq-J_-Tbo2JDVwWK1fPjre8sQ3Ohz
2025-07-06 المشكاة المصابيح اكتاب الاماررة والقضاء.mp4,مشکوٰۃ المصابیح جلد دوم,37,2025-07-06,49.0,46.8,1vxFaqqWKwCOlBuYqR4oosgNTZgDI6mVQ
2025-07-07 المشكاة المصابيح اكتاب الاماررة والقضاء.mp4,مشکوٰۃ المصابیح جلد دوم,38,2025-07-07,46.1,44.0,14m4mId4EImcpDr-9IKqNxMWSLD7Ssht0
2025-07-08 المشكاة المصابيح اكتاب الجهاد.mp4,مشکوٰۃ المصابیح جلد دوم,39,2025-07-08,53.0,50.6,122_Muq91pGX4NFmcgJndvgrALRuly3jX
2025-07-12المشكاة المصابيح اكتاب الجهاد.m4a,مشکوٰۃ المصابیح جلد دوم,40,2025-07-12,60.4,59.5,11KeKpOa8xS67XqdP2CRzIPHwZdK5uypq
2025-07-13المشكاة المصابيح اكتاب الجهاد.mp4,مشکوٰۃ المصابیح جلد دوم,41,2025-07-13,57.5,54.9,1wikRRc7y9xvQ9QvHpCO0eh30m1eSsM_6
2025-07-19المشكاة المصابيح اكتاب الجهاد.mp4,مشکوٰۃ المصابیح جلد دوم,42,2025-07-19,58.7,56.0,1Aldpy4BM9dRa5ZOuALHfJazp0oNlssNK
2025-07-20 المشكاة المصابيح اكتاب الجهاد.mp4,مشکوٰۃ المصابیح جلد دوم,43,2025-07-20,44.0,42.1,1avnT-8YQ5cfG4W7xkPTu0mhChb_M_IcI
2025-07-21 المشكاة المصابيح اكتاب الجهاد.mp4,مشکوٰۃ المصابیح جلد دوم,44,2025-07-21,33.1,31.6,1aiVqc62ByXwoTS-qMqmx6z9-9_EuRTmB
2025-07-22 المشكاة المصابيح اكتاب الجهاد.mp4,مشکوٰۃ المصابیح جلد دوم,45,2025-07-22,45.7,43.6,1WGCVlXO0W5EAsn0Rbh3vSj6EnCkeGXdZ
2025-07-26 المشكاة المصابيح اكتاب الجهاد.mp4,مشکوٰۃ المصابیح جلد دوم,46,2025-07-26,59.2,56.5,1CZe14siGH3yhZ-R4vfO4oN3AaxpI3UNr
2025-07-27 المشكاة المصابيح اكتاب الجهاد.mp4,مشکوٰۃ المصابیح جلد دوم,47,2025-07-27,56.3,53.8,1CHB5oYUMTYoe34m2RCBDS-ZSosejanz2
2025-07-28 المشكاة المصابيح اكتاب الجهاد.mp4,مشکوٰۃ المصابیح جلد دوم,48,2025-07-28,63.8,60.9,1u2OVZ9afnDaIEaokfLGNzNleBXG0LUcp
2025-07-29 المشكاة المصابيح اكتاب الصيد والذبائح.mp4,مشکوٰۃ المصابیح جلد دوم,49,2025-07-29,63.0,60.1,19Qg36ikt4qb2TcytGl2k1-ZnjrgondeQ
2025-08-02 المشكاة المصابيح اكتاب الاطعمة.mp4,مشکوٰۃ المصابیح جلد دوم,50,2025-08-02,37.8,36.1,1dsl8jLPPyZ4CU5t3fE7ItJX0gJdvaV1P
2025-08-02 المشكاة المصابيح اكتاب الصيد والذبائح.mp4,مشکوٰۃ المصابیح جلد دوم,51,2025-08-02,95.6,91.2,16tEXzT_TDXcZIziW-spdcEikoJdE86Lj
2025-08-03 المشكاة المصابيح اكتاب الاطعمة.mp4,مشکوٰۃ المصابیح جلد دوم,52,2025-08-03,49.4,47.2,1eQ1BU65S1SjnJ4mcZABELK78jKDvHsId
2025-08-04 المشكاة المصابيح اكتاب الاطعمة.mp4,مشکوٰۃ المصابیح جلد دوم,53,2025-08-04,60.3,57.6,1-Doe9wc0NJO_uXOOhCGHMX72_C2Yp4VV
2025-08-05 المشكاة المصابيح اكتاب اللباس.m4a,مشکوٰۃ المصابیح جلد دوم,54,2025-08-05,32.9,33.2,1vo6sX_Py5DWowpLZ5Us2Fis6XQDMEyGF
2025-08-09 المشكاة المصابيح اكتاب اللباس.mp4,مشکوٰۃ المصابیح جلد دوم,55,2025-08-09,56.8,54.3,1X1f3LvJjIXzV-44PPwFDTGa-nPWHmKaR
2025-08-10 المشكاة المصابيح اكتاب اللباس 2.mp4,مشکوٰۃ المصابیح جلد دوم,56,2025-08-10,44.7,42.7,1jza26DwhdfcoI2REBjryjpdTZEL1988C
2025-08-10 المشكاة المصابيح اكتاب اللباس.mp4,مشکوٰۃ المصابیح جلد دوم,57,2025-08-10,56.3,53.8,1jcYXYkgfFSLpPMZ_E9L2NZDfM8LVBLd2
2025-08-11 المشكاة المصابيح اكتاب الطب و الرقى.mp4,مشکوٰۃ المصابیح جلد دوم,58,2025-08-11,42.3,40.4,15wTDT6vIukZ4xf_G7wmQKP5Omv_lPzKY
2025-08-11 المشكاة المصابيح اكتاب اللباس.mp4,مشکوٰۃ المصابیح جلد دوم,59,2025-08-11,46.5,44.4,1rrvJ9dt5b0WKVESpwWXOeuXF1Qd5A7zP
2025-08-12 المشكاة المصابيح اكتاب اللباس.mp4,مشکوٰۃ المصابیح جلد دوم,60,2025-08-12,11.1,10.6,1vZruDmynebHJORgnZcKXXairu4fJ673m
2025-08-16 المشكاة المصابيح اكتاب الرؤيا.mp4,مشکوٰۃ المصابیح جلد دوم,61,2025-08-16,41.5,39.6,1-DaVsEJJjpyFUZ-RBU6wTFyUAYmS8XZN
2025-08-16 المشكاة المصابيح اكتاب الطب و الرقى.mp4,مشکوٰۃ المصابیح جلد دوم,62,2025-08-16,64.4,61.5,1CEznMNv6AQGZqWbyuxG3gSK7YkgYRsx8
2025-08-17 المشكاة المصابيح اكتاب الآداب.mp3,مشکوٰۃ المصابیح جلد دوم,63,2025-08-17,76.7,73.6,1LZhtT7luDVlImAMXbFppzCUp5hm5pJxQ
2025-08-17 المشكاة المصابيح اكتاب الآداب.mp4,مشکوٰۃ المصابیح جلد دوم,64,2025-08-17,101.6,97.0,1Jo1BoJk1u0Sc3nj-OqWj11PXwioZEMES
2025-08-18 المشكاة المصابيح اكتاب الآداب.mp4,مشکوٰۃ المصابیح جلد دوم,65,2025-08-18,61.2,58.5,17xWy3pD2gTQKcRiEa0wNSWrs3iSTTl0T
2025-08-19 المشكاة المصابيح اكتاب الآداب.mp4,مشکوٰۃ المصابیح جلد دوم,66,2025-08-19,61.1,58.3,1Iyq9r7bc_Pdcfam7NF_uG7R390q2vUKt
2025-08-23 المشكاة المصابيح اكتاب الآداب.mp4,مشکوٰۃ المصابیح جلد دوم,67,2025-08-23,118.8,113.4,189Pdg5lzrF7HYnqJzQDnlrYd0jVRAI-N
2025-08-24 المشكاة المصابيح اكتاب الآداب 2.mp4,مشکوٰۃ المصابیح جلد دوم,68,2025-08-24,51.3,49.0,1bHChc-wsqOjo4_by2h8uiUJi5NpAWUqa
2025-08-24 المشكاة المصابيح اكتاب الآداب.mp4,مشکوٰۃ المصابیح جلد دوم,69,2025-08-24,46.4,44.3,1vSGGi2uZQWpEbXIxHsFYdnZzZj8M_os6
2025-08-26 المشكاة المصابيح اكتاب الآداب.mp4,مشکوٰۃ المصابیح جلد دوم,70,2025-08-26,54.4,51.9,1VVuT2kOHjOmZSvo6Z_HOQZ9c0kiFYsQi
2025-08-27 المشكاة المصابيح اكتاب الآداب.mp4,مشکوٰۃ المصابیح جلد دوم,71,2025-08-27,60.0,57.3,17Hth4VC7165ZUoWtvAWcP0Ton-iVrS3U
2025-08-30 المشكاة المصابيح اكتاب الآداب.mp4,مشکوٰۃ المصابیح جلد دوم,72,2025-08-30,64.4,61.5,1dDjIiqSHnXejutf12e3wXormNVjz5QGJ
2025-08-30 المشكاة المصابيح اكتاب الرقاق.mp4,مشکوٰۃ المصابیح جلد دوم,73,2025-08-30,42.4,40.5,1w0ckprLGogjG6s-uFv_VG8zAeUzrbDEl
2025-08-31 المشكاة المصابيح اكتاب الرقاق.mp4,مشکوٰۃ المصابیح جلد دوم,74,2025-08-31,109.8,104.8,1UqwDbDDC-jksuKbXKSA2v1psV7n3tpKI
2025-09-01 المشكاة المصابيح اكتاب الرقاق.mp4,مشکوٰۃ المصابیح جلد دوم,75,2025-09-01,55.4,52.9,1jRlD_KSiBndPx7VMnKG-b9KIG1O7b77Z
2025-09-02 المشكاة المصابيح اكتاب الرقاق.mp4,مشکوٰۃ المصابیح جلد دوم,76,2025-09-02,47.2,45.1,1WSLb5i4sp3o3nfNEk2f9ttlQVwTmDXZF
2025-09-06 المشكاة المصابيح اكتاب الرقاق.m4a,مشکوٰۃ المصابیح جلد دوم,77,2025-09-06,22.5,22.4,1762YHzR3wGOks3ujskHYHZ3zHOqgSbxq
2025-09-06 المشكاة المصابيح اكتاب الفتن.m4a,مشکوٰۃ المصابیح جلد دوم,78,2025-09-06,84.4,81.6,1iB2s8M-cmMmCB7-CMp35qfiAYfGS7T35
2025-09-08 المشكاة المصابيح اكتاب الفتن.mp4,مشکوٰۃ المصابیح جلد دوم,79,2025-09-08,47.0,44.9,13ekcAe2pHySAjpIN4ptNpPSntFnduALH
2025-09-09 المشكاة المصابيح اكتاب الفتن.mp4,مشکوٰۃ المصابیح جلد دوم,80,2025-09-09,62.1,59.3,1jBEcNteoQcDRQH6mn3OkhlP6AFXA_ZB8
2025-09-20 المشكاة المصابيح اكتاب الفتن.mp4,مشکوٰۃ المصابیح جلد دوم,81,2025-09-20,104.4,99.7,1L7rYTr3NoWqFgv9Ppn9I85BNV9vfswIe
2025-09-20 المشكاة المصابيح اكتاب أحوال القيامة و بدء الخلق.mp4,مشکوٰۃ المصابیح جلد دوم,82,2025-09-20,98.4,93.9,1vMn-UgjF-0bEzYgXRphHOR_7l-nauQ1s
2025-09-21 المشكاة المصابيح اكتاب أحوال القيامة و بدء الخلق.mp4,مشکوٰۃ المصابیح جلد دوم,83,2025-09-21,111.5,106.5,1fQywxqo8bOfVMtuvhKInWulG3EVfd5Om
2025-09-22 المشكاة المصابيح اكتاب أحوال القيامة و بدء الخلق.mp4,مشکوٰۃ المصابیح جلد دوم,84,2025-09-22,48.9,46.7,141OHWKMl0HS9sZIc0dahKVS-hUlM_-Up
2025-09-27 المشكاة المصابيح اكتاب أحوال القيامة و بدء الخلق.mp4,مشکوٰۃ المصابیح جلد دوم,85,2025-09-27,25.0,23.9,1XcB0WOHovX_sp_WMLdK63ZKz3GVhMDid
2025-09-28 المشكاة المصابيح اكتاب أحوال القيامة و بدء الخلق.mp4,مشکوٰۃ المصابیح جلد دوم,86,2025-09-28,67.4,64.4,10SDkbQ9QYecPRMwgC_1LUsQ5wJW82XtK
2025-09-29 المشكاة المصابيح اكتاب أحوال القيامة و بدء الخلق.mp4,مشکوٰۃ المصابیح جلد دوم,87,2025-09-29,56.5,54.0,1YZTpZ2hRTOKQqf1nMAGAEgM-UzwYmZfk
2025-09-30 المشكاة المصابيح اكتاب أحوال القيامة و بدء الخلق.mp4,مشکوٰۃ المصابیح جلد دوم,88,2025-09-30,41.1,39.3,1HgeeRRraDpi26j9Knj4Ahj-4cxoyM6oz
2025-10-05 المشكاة المصابيح اكتاب الفضائل والشمائل.mp4,مشکوٰۃ المصابیح جلد دوم,89,2025-10-05,16.2,15.5,18b131uqAMfz4w8Yi1c9UZUfNVue0b4Wr
2025-10-05 المشكاة المصابيح اكتاب أحوال القيامة و بدء الخلق.mp4,مشکوٰۃ المصابیح جلد دوم,90,2025-10-05,39.2,37.4,13c7Acd7Pmj3gKWITRgdKg7v2izS1Q9aq
2025-10-11 المشكاة المصابيح اكتاب الفضائل والشمائل.mp4,مشکوٰۃ المصابیح جلد دوم,91,2025-10-11,59.6,57.0,1mK5YGBYNBfGiUO_54xcxX3jrYWCQlC0a
2025-10-12 المشكاة المصابيح اكتاب الفضائل والشمائل.mp4,مشکوٰۃ المصابیح جلد دوم,92,2025-10-12,55.5,53.0,1DYPrRlok2zLMhoJEwinewk9p0NJK7pyp
2025-10-18 المشكاة المصابيح اكتاب الفضائل والشمائل.mp4,مشکوٰۃ المصابیح جلد دوم,93,2025-10-18,63.5,60.6,1JHGKGnKDisjv962rZqrppMDkf3Q7LNeq
2025-10-21 المشكاة المصابيح اكتاب الفضائل والشمائل.mp4,مشکوٰۃ المصابیح جلد دوم,94,2025-10-21,29.8,28.5,1N0mXOp_BbXWdCSmXZ_-xyPMUpiVv5rgP
2025-10-22 المشكاة المصابيح اكتاب الفضائل والشمائل.mp4,مشکوٰۃ المصابیح جلد دوم,95,2025-10-22,29.7,28.3,1gPRMff3smwUXWWGCJInp6-piHKgoRrFe
2025-10-25 المشكاة المصابيح اكتاب الفضائل والشمائل.mp4,مشکوٰۃ المصابیح جلد دوم,96,2025-10-25,55.3,52.8,1xsttcv1J59FtBT6_8ohRRH3-i1ATkekX
2025-10-26 المشكاة المصابيح اكتاب الفضائل والشمائل.mp4,مشکوٰۃ المصابیح جلد دوم,97,2025-10-26,57.8,55.2,1vBsDcQI6c6-3RqoDoFK47sxfFzFUkcFJ
2025-10-27 المشكاة المصابيح اكتاب الفضائل والشمائل.mp4,مشکوٰۃ المصابیح جلد دوم,98,2025-10-27,52.8,50.4,1kSlVwYrZAIQVL4F64DgfMrrNV-nIJ7Ac
2025-10-28 المشكاة المصابيح اكتاب الفضائل والشمائل.mp4,مشکوٰۃ المصابیح جلد دوم,99,2025-10-28,52.9,50.5,10yLGgXdXKfdKv_iidzZXsmPEDJl7R_kr
2025-11-01 المشكاة المصابيح اكتاب الفضائل والشمائل.mp4,مشکوٰۃ المصابیح جلد دوم,100,2025-11-01,63.1,60.2,1g4lZ32eLKVQ2FWLwTgRvdrrjGP_3MfaU
2025-11-02 المشكاة المصابيح اكتاب الفضائل والشمائل.mp4,مشکوٰۃ المصابیح جلد دوم,101,2025-11-02,60.6,57.9,1oCCrbccLCza3KLMQRCNCC8uIgBvnUW8-
2025-11-03 المشكاة المصابيح اكتاب الفضائل والشمائل.mp4,مشکوٰۃ المصابیح جلد دوم,102,2025-11-03,61.5,58.7,1F7WZa8UtNm8voAIa-rCalayVBqAJCPuY
2025-11-04 المشكاة المصابيح اكتاب الفضائل والشمائل.mp4,مشکوٰۃ المصابیح جلد دوم,103,2025-11-04,39.8,38.0,1uwANdHQtk8wyiUFaJeHlOeWhiYQMsgxe
2025-11-08 المشكاة المصابيح اكتاب الفضائل والشمائل.mp4,مشکوٰۃ المصابیح جلد دوم,104,2025-11-08,60.3,57.6,1RrY9pmFZjL92XxePZ39l-A-hFyzQSUcx
2025-11-09 المشكاة المصابيح اكتاب الفضائل والشمائل.mp4,مشکوٰۃ المصابیح جلد دوم,105,2025-11-09,16.3,15.6,1t0XU-IREKnmWtuQ6GB4da8JPXtflfi-w
2025-11-09 المشكاة المصابيح كتاب المناقب.mp4,مشکوٰۃ المصابیح جلد دوم,106,2025-11-09,76.0,72.6,1HNSdRJEF3ChJ2vPitDTGvfNcsT4SPciN
2025-11-15 المشكاة المصابيح كتاب المناقب.mp4,مشکوٰۃ المصابیح جلد دوم,107,2025-11-15,73.2,69.9,1fuvWANbp4OBJ1tr6D0NhyGZEkj3_lD0K
2025-11-16 المشكاة المصابيح كتاب المناقب.mp4,مشکوٰۃ المصابیح جلد دوم,108,2025-11-16,58.4,55.8,1richKaTHUuCCyXPoYHCBn6sLQO9Beb7y
2025-11-17 المشكاة المصابيح كتاب المناقب.mp4,مشکوٰۃ المصابیح جلد دوم,109,2025-11-17,49.1,46.8,1GDK9yG-Y9z8-5ehQAvPNHHD63UtVzjc1
2025-11-18 المشكاة المصابيح كتاب المناقب.mp4,مشکوٰۃ المصابیح جلد دوم,110,2025-11-18,54.4,51.9,1I7dLdpT5jyQbe7J6EjyC42lh5zFnr07U
2025-11-22 المشكاة المصابيح كتاب المناقب.mp4,مشکوٰۃ المصابیح جلد دوم,111,2025-11-22,60.0,57.3,1Q92srTVX6JPfVndda8XI_9_ngz6PTSIO
2025-11-23 المشكاة المصابيح كتاب المناقب.m4a,مشکوٰۃ المصابیح جلد دوم,112,2025-11-23,66.3,41.6,1gJbIr08LYupxuN5zCw35Rf6WO7yMi5kz
2025-11-24 المشكاة المصابيح كتاب المناقب.m4a,مشکوٰۃ المصابیح جلد دوم,113,2025-11-24,56.5,35.3,1S8XB-cOgm4Vcj26l_k22gvEoH9GkaWlE
2025-11-25 المشكاة المصابيح كتاب المناقب.m4a,مشکوٰۃ المصابیح جلد دوم,114,2025-11-25,58.8,36.8,1mNcKEC2apBpx6cHkCr1VM7_zLfx_IbcB
2025-11-29 المشكاة المصابيح كتاب المناقب.m4a,مشکوٰۃ المصابیح جلد دوم,115,2025-11-29,50.6,32.6,1DcxxVbeyNCPWt_QZDcNQqSxQlnwxIGfY
2025-11-30 المشكاة المصابيح كتاب المناقب.m4a,مشکوٰۃ المصابیح جلد دوم,116,2025-11-30,55.2,34.8,1x1gIn5CNEt6kn00k9Ciy_WqNFmxPVL90
2025-07- الهدايه الرابع كتاب الذبائح.mp4,ہدایہ جلد رابع,85,2025-07-20,33.2,31.7,11CklYSekmAaVA8OFrhZBNRBofaGTWN81
2025-02-22 الهدايه الرابع كتاب الجنايات.mp4,ہدایہ جلد رابع,1,2025-02-22,34.4,32.9,1v7DRoZpDvCB8ievON9zEPqSnvcOKSdzR
2025-02-23 الهدايه الرابع كتاب الجنايات.mp4,ہدایہ جلد رابع,2,2025-02-23,43.9,41.9,15pykQvEtRl9ZHAgl-5ssWRiNOWOzAz_P
2025-03-02 الهدايه الرابع كتاب الجنايات.mp4,ہدایہ جلد رابع,3,2025-03-02,35.1,33.5,1ZTg1I7Y8bIYfm7xtOzqk9vcXk1Bi4Vuz
2025-03-08 الهدايه الرابع كتاب الجنايات.mp4,ہدایہ جلد رابع,4,2025-03-08,40.7,38.8,13Oz4ZgV9yLtqnjm2Fkza1a_Zbjod-aQB
2025-03-09 الهدايه الرابع كتاب الجنايات.mp4,ہدایہ جلد رابع,5,2025-03-09,42.8,40.8,16YuxCiUGnSEZuC2x0r7X_BGYyYQ-rpEb
2025-04-12 الهدايه الرابع كتاب الجنايات.mp4,ہدایہ جلد رابع,6,2025-04-12,41.8,40.0,1XBoVZoLvGLmFdvO2VYFZq1Z1zifvsDXj
2025-04-19 الهدايه الرابع كتاب الجنايات.mp4,ہدایہ جلد رابع,7,2025-04-19,47.0,44.9,1zGPNf1jE-NZUFWAX9xjn7WDFtNfUTKSg
2025-04-20 الهدايه الرابع كتاب الجنايات.m4a,ہدایہ جلد رابع,8,2025-04-20,16.2,18.5,1RYJaOGl4bfq-YWoeJJkJ-GJB5-F1duCb
2025-04-20 الهدايه الرابع كتاب الجنايات.mp4,ہدایہ جلد رابع,9,2025-04-20,34.4,32.9,1mA6kH4CGeJxVyV8uJuzmK5enhbBzDUdy
2025-04-20 الهدايه الرابع كتاب الديات.m4a,ہدایہ جلد رابع,10,2025-04-20,18.3,21.3,1oTmOtH0nOoJBrlIdmdyTTXp50N9LJQIT
2025-04-26 الهدايه الرابع كتاب الديات.mp4,ہدایہ جلد رابع,11,2025-04-26,50.7,48.4,1zz087arXkZQbHIbpBuNBAvI1kkkuXBwn
2025-04-27 الهدايه الرابع كتاب الديات.mp4,ہدایہ جلد رابع,12,2025-04-27,39.2,37.4,1cdNcoRbdAyjTliYBLhLhpTyp0V0k8wE6
2025-05-03 الهدايه الرابع كتاب الديات.mp4,ہدایہ جلد رابع,13,2025-05-03,45.3,43.2,1-Sz1X5Yi7pyIVwg_bKK8K7c6enpc9C7v
2025-05-04 الهدايه الرابع كتاب الديات.mp4,ہدایہ جلد رابع,14,2025-05-04,31.5,30.1,1nI9umfzDs1bZKbT45FdNFyHPpEGV4xx0
2025-05-11 الهدايه الرابع كتاب الشفعة.mp4,ہدایہ جلد رابع,15,2025-05-11,40.5,38.6,1ZKBi3FCafkYNX0BVWJbXFVHXCE6AKrSy
2025-05-17 الهدايه الرابع كتاب الشفعة.mp4,ہدایہ جلد رابع,16,2025-05-17,42.3,40.4,1i9pFRP9el1SunLAQhLvBd0M70dn-c-Jb
2025-05-18 الهدايه الرابع كتاب الشفعة.mp4,ہدایہ جلد رابع,17,2025-05-18,5.6,5.3,19qHe_ZjcAGxWOU4a4TvT-bBgxxkmeGVF
2025-06-01 الهدايه الرابع كتاب الشفعة.mp4,ہدایہ جلد رابع,18,2025-06-01,49.9,47.6,1OVMJ4pKaYc7Pn4ZjB3RkxhY1PeYnjVqB
2025-06-14 الهدايه الرابع كتاب الشفعة.mp4,ہدایہ جلد رابع,19,2025-06-14,58.1,55.5,1z6q1pXFLSVEOugSGASAkj0kDU9ldWfFN
2025-06-15 الهدايه الرابع كتاب الشفعة.mp4,ہدایہ جلد رابع,20,2025-06-15,39.4,37.6,11kPRuhPK9bxJPyeUmCPVYXjdqHr1qRrC
2025-06-21 الهدايه الرابع كتاب الشفعة.m4a,ہدایہ جلد رابع,21,2025-06-21,49.4,48.3,1MSORAVTxeb9q275EKZaFGYctdqmXl65U
2025-06-22 الهدايه الرابع كتاب الشفعة.mp4,ہدایہ جلد رابع,22,2025-06-22,47.2,45.1,1yxEwNF6YS-OatM1eDo1G5LqfFbCBL88i
2025-06-28 الهدايه الرابع كتاب الشفعة.mp4,ہدایہ جلد رابع,23,2025-06-28,31.1,29.7,1IoZV-2vFnymAIiZ74l243VTB2FW9EHj7
2025-07-05 الهدايه الرابع كتاب الشفعة.mp4,ہدایہ جلد رابع,24,2025-07-05,25.1,24.0,1ZEoOREiLbr0DHPoYXPuRDLf6Kog6nopI
2025-07-06 الهدايه الرابع كتاب الشفعة.mp4,ہدایہ جلد رابع,25,2025-07-06,19.2,18.3,1QkSj1jqwvC-OJmpdVyzzwBwfgJBWGWGO
2025-07-07 الهدايه الرابع كتاب الشفعة.mp4,ہدایہ جلد رابع,26,2025-07-07,44.1,42.1,1NelAaUAlU4MX6waNnXnjcSWlo_5S8c1i
2025-07-12 الهدايه الرابع كتاب المزارعة.mp4,ہدایہ جلد رابع,27,2025-07-12,46.0,43.9,1u3s1aity0p4lPvEoarf9I-oU2Zb6MYPc
2025-07-13 الهدايه الرابع كتاب المزارعة.mp4,ہدایہ جلد رابع,28,2025-07-13,18.7,17.8,1ajnJu3vvK_zHCAa6p2wI7A4NckV6K5xs
2025-07-19 الهدايه الرابع كتاب المساقاة.mp4,ہدایہ جلد رابع,29,2025-07-19,41.4,39.5,1tHticI2JYmFpJ6dUeRvS0_Qqginw4ZDH
2025-07-26 الهدايه الرابع كتاب الذبائح.mp4,ہدایہ جلد رابع,30,2025-07-26,31.0,29.6,1vqsO7dwy93Ag4aUXHYZxAcERCoxb13eY
2025-07-27 الهدايه الرابع كتاب الذبائح.mp4,ہدایہ جلد رابع,31,2025-07-27,40.1,38.3,16iikjE6j2TeaGOlVhciPn7i61p4_fZIG
2025-08-09 المشكاة المصابيح اكتاب الأضحية.m4a,ہدایہ جلد رابع,32,2025-08-09,37.6,36.9,1MVGVDm7Qpu6vo48Z8hPGfxgiBRH_T26e
2025-08-09 الهدايه الرابع كتاب الأضحية 2.m4a,ہدایہ جلد رابع,33,2025-08-09,7.0,6.9,1T8bKxus3AK9NQgTdbUnB5KMuHbzZZIkm
2025-08-10 الهدايه الرابع كتاب الأضحية.mp4,ہدایہ جلد رابع,34,2025-08-10,38.6,36.9,1Ub-O5ICQOgfQFbGiC2_tfiDtwiYmMlLE
2025-08-16 الهدايه الرابع كتاب الكراهية.mp4,ہدایہ جلد رابع,35,2025-08-16,34.4,32.8,18vMgosKqLFH1Dmlhahp9GFcxMmRd4hPK
2025-08-24 الهدايه الرابع كتاب الكراهية.mp4,ہدایہ جلد رابع,36,2025-08-24,39.0,37.2,1cf7tUcgrcPDvPW7vpqaWqUeQJVqZwsZV
2025-08-30 الهدايه الرابع كتاب الكراهية.mp4,ہدایہ جلد رابع,37,2025-08-30,39.5,37.7,1Hbxq5WLSDUAkiJ2QuiEcwDo8riOx2Y0D
2025-08-31 الهدايه الرابع كتاب الكراهية.mp4,ہدایہ جلد رابع,38,2025-08-31,44.7,42.7,19g49YODIdV44NHiuwhgZ64xo5tms7-8r
2025-09-07 الهدايه الرابع كتاب الكراهية.mp4,ہدایہ جلد رابع,39,2025-09-07,43.5,41.6,1x5zhzdD1p6l8_hSxB_THQemHFXRatPgm
2025-09-13 الهدايه الرابع كتاب احياء الموات .mp4,ہدایہ جلد رابع,40,2025-09-13,31.9,30.5,1Xde9ZI_yw4IzXXwaApn5X_C1MzxoSqP2
2025-09-21 الهدايه الرابع كتاب احياء الموات .mp4,ہدایہ جلد رابع,41,2025-09-21,28.7,27.4,1boRjFkPX2IMbl_AEdf9b7WA9RMZqI-F1
2025-09-27 الهدايه الرابع كتاب احياء الموات .m4a,ہدایہ جلد رابع,42,2025-09-27,18.5,17.4,1TkhTK_moN3XrqBVySZe4yvDZl93LFmp7
2025-09-27 الهدايه الرابع كتاب الأشربة.m4a,ہدایہ جلد رابع,43,2025-09-27,24.6,23.2,1Xosff4Ced_kkvpkjRtN4ytN-rvdG6-gF
2025-09-28 الهدايه الرابع كتاب الأشربة.mp4,ہدایہ جلد رابع,44,2025-09-28,39.0,37.3,1NXYFbmSQvBLnvQ-_bK6CRF9FRX7Z593t
2025-10-04 الهدايه الرابع كتاب الأشربة.mp4,ہدایہ جلد رابع,45,2025-10-04,39.2,37.5,1kx5D4rv9QMcXImiT41o8yxGVcGLWc6uz
2025-10-05 الهدايه الرابع كتاب الصيد.mp4,ہدایہ جلد رابع,46,2025-10-05,31.1,29.7,1sALa9GWwMBbaklHaxxJowprHMITA8DAJ
2025-10-11 الهدايه الرابع كتاب الصيد.mp4,ہدایہ جلد رابع,47,2025-10-11,40.9,39.0,13IvpeM4saPz2qhBsdfcHRI-vvWiHGti1
2025-10-12 الهدايه الرابع كتاب الصيد.mp4,ہدایہ جلد رابع,48,2025-10-12,49.1,46.8,1z33lw53jDfI4Oj4w04wWI9rI7K0GX-vs
2025-10-18 الهدايه الرابع كتاب الديات.mp4,ہدایہ جلد رابع,49,2025-10-18,32.8,31.3,1dX6wm7xEGImvA3WwLyrDeb09FOMMRpXg
2025-10-18 الهدايه الرابع كتاب الصيد.mp4,ہدایہ جلد رابع,50,2025-10-18,16.1,15.4,1OBv0P29jQb7jlsQ2xUzHg0Omutz5eIpy
2025-10-19 الهدايه الرابع كتاب الديات.mp4,ہدایہ جلد رابع,51,2025-10-19,49.9,47.7,1jCaQM4ZPHs05F8h_8dmPTXfDBoVkzKvn
2025-10-28 الهدايه الرابع كتاب الديات.mp4,ہدایہ جلد رابع,52,2025-10-28,33.1,31.6,1FwR2sSCu_ACoG9YINAgbKhKQ_VgY-Pem
2025-11-01 الهدايه الرابع كتاب الديات.mp4,ہدایہ جلد رابع,53,2025-11-01,45.4,43.4,1OYZDcEbrO_bk7UuisNbTb8IsapPpplw-
2025-11-02 الهدايه الرابع كتاب الديات.mp4,ہدایہ جلد رابع,54,2025-11-02,41.3,39.4,1cWMWfOKVHiqYxOFVHr7X8epNYxrowlr4
2025-11-04 الهدايه الرابع كتاب الديات.m4a,ہدایہ جلد رابع,55,2025-11-04,32.0,31.4,1ja20SkXWi0Qvt3kZmblgKza9_7hdSZUm
2025-11-05 الهدايه الرابع كتاب الديات.m4a,ہدایہ جلد رابع,56,2025-11-05,30.3,29.6,1QqKZ-cCul5by2eZVu2QCjd8dlXeENo9X
2025-11-06 الهدايه الرابع كتاب الديات.m4a,ہدایہ جلد رابع,57,2025-11-06,25.4,24.9,1h2U5X4f22GajTGrvVe7Vi-jMwQ0fEALl
2025-11-09 الهدايه الرابع كتاب الديات.mp4,ہدایہ جلد رابع,58,2025-11-09,37.1,35.4,1y6qQupyaFAqegZ0sJl2MfmIo90AjMt5L
2025-11-16 الهدايه الرابع كتاب الديات.mp4,ہدایہ جلد رابع,59,2025-11-16,36.1,34.4,1dnIwh6IBklF3n493B1nyDdaMa0lliA81
2025-11-29 الهدايه الرابع كتاب الديات 2.m4a,ہدایہ جلد رابع,60,2025-11-29,17.4,17.0,1hbHA7FkEf0bNkf89DBzOzLBrAJEWhRjk
2025-11-29 الهدايه الرابع كتاب الديات.m4a,ہدایہ جلد رابع,61,2025-11-29,22.9,22.4,1Ei0j_zktxV5OmNDL2aIP2SeXx9GViI47
2025-11-30 الهدايه الرابع كتاب الديات.m4a,ہدایہ جلد رابع,62,2025-11-30,44.9,28.7,1Wy_CLu5lOYr5Tz3qzz1L3ddE7rk4a9Rx
2025-12-01 الهدايه الرابع كتاب الديات.m4a,ہدایہ جلد رابع,63,2025-12-01,30.8,18.7,1dOt_yRXmXjOgitkDQIMr6JafyI8d72Xx
2025-12-02 الهدايه الرابع كتاب الديات.m4a,ہدایہ جلد رابع,64,2025-12-02,37.3,23.0,1473ozVwowLVHiMcCaPw-DAahTgKoJQ7T
2025-12-06 الهدايه الرابع كتاب الوصايا.m4a,ہدایہ جلد رابع,65,2025-12-06,35.3,21.8,1dhVFozLyBdcRskmyLDU_fHmSmOMwdoLZ
2025-12-07 الهدايه الرابع كتاب الوصايا.m4a,ہدایہ جلد رابع,66,2025-12-07,26.1,15.2,1rAnplz5FQkZVfzM03oXUJXbPq4RYuJ_O
2025-12-08 الهدايه الرابع كتاب الوصايا.m4a,ہدایہ جلد رابع,67,2025-12-08,27.7,16.6,19tV2G2wURvYTKfPksg3bPrW-4Y5yLFBB
2025-12-13 الهدايه الرابع كتاب الوصايا.m4a,ہدایہ جلد رابع,68,2025-12-13,47.0,29.7,1CoD-izrhEywa4Dej22JoSTRZvt5dau6A
2025-12-14 الهدايه الرابع كتاب الوصايا.m4a,ہدایہ جلد رابع,69,2025-12-14,45.6,27.8,1iH_P9V1PmFukiQGmzXetNCOMI2yIhoIH
2025-12-15 الهدايه الرابع كتاب الوصايا.m4a,ہدایہ جلد رابع,70,2025-12-15,22.9,14.2,1YlL5Uzq32RLQzt1M3KHsLsc0isl45-UU
2025-12-16 الهدايه الرابع كتاب الوصايا.m4a,ہدایہ جلد رابع,71,2025-12-16,26.9,15.9,1j8gKmJ8xH7NGXw09mJ9TVDF5yTGql5WV
2025-12-20 الهدايه الرابع كتاب الوصايا.m4a,ہدایہ جلد رابع,72,2025-12-20,33.9,21.0,1x1O0MYbvIgZ7EgDImMluAtpcX3al-Uye
2025-12-21 الهدايه الرابع كتاب الوصايا.m4a,ہدایہ جلد رابع,73,2025-12-21,44.5,28.3,1vkMxjBAYLXU_0ZwdW7LjDeD2wLnNeCtT
2025-12-24 الهدايه الرابع كتاب الوصايا.m4a,ہدایہ جلد رابع,74,2025-12-24,36.4,23.8,1adjPOU3ZFf3ScXWuLWPNiep9ynwiZs5I
2025-12-27 الهدايه الرابع كتاب الوصايا.m4a,ہدایہ جلد رابع,75,2025-12-27,38.0,22.5,1TEKtkyX6QWcGBGBvf-2ixdGFLXpx3nvs
2025-12-28 الهدايه الرابع كتاب الخنثى.m4a,ہدایہ جلد رابع,76,2025-12-28,30.8,19.2,1ZSpYQ3Dfv2JoJNjUtI69Hdb0sFXhw7AB
2025-12-29 الهدايه الرابع كتاب الرهن.m4a,ہدایہ جلد رابع,77,2025-12-29,29.3,18.6,1DREPowzRPHiVefOD6DXI-3wfbjIEXXyS
2026-01-03 الهدايه الرابع كتاب الرهن.m4a,ہدایہ جلد رابع,78,2026-01-03,35.9,21.9,1k-JWKL4gC4kIFeyHE1NXhA10vuTtjRNc
2026-01-04 الهدايه الرابع كتاب الرهن.m4a,ہدایہ جلد رابع,79,2026-01-04,50.0,31.9,1My63JlA9fpWleLgIxHqcJw2sg8Gy2cV2
2026-01-07 الهدايه الرابع كتاب الرهن.m4a,ہدایہ جلد رابع,80,2026-01-07,45.0,44.1,14WJYj05q-BAiRFPI89kXy9Nx5aGo3yEF
2026-01-08 الهدايه الرابع كتاب الرهن.m4a,ہدایہ جلد رابع,81,2026-01-08,34.5,33.8,1rqg5nErbwh31UE16MGe1Jb1j8cP5wzzI
2026-01-10 الهدايه الرابع كتاب الرهن 2.m4a,ہدایہ جلد رابع,82,2026-01-10,7.6,4.8,1L7hZ-BM1lo-frY-ukOlrrWV4Bt3ZvT3g
2026-01-10 الهدايه الرابع كتاب الرهن.m4a,ہدایہ جلد رابع,83,2026-01-10,42.0,26.5,1yUjBeqZ7JwyhBj59cKolR8WpERuUbxFd
2026-01-11 الهدايه الرابع كتاب الرهن.m4a,ہدایہ جلد رابع,84,2026-01-11,49.1,31.0,1QHmwdFMRmp0gFXOGe-blYarkfXGtiDDP
